Indicator,Period,State,LGA,Source,Value
Skilled attendance at delivery or birth,2019-01-01,National,All,World Bank,
Skilled attendance at delivery or birth,2018-01-01,National,All,World Bank,
Skilled attendance at delivery or birth,2017-01-01,National,All,World Bank,40.3
Skilled attendance at delivery or birth,2016-01-01,National,All,World Bank,
Skilled attendance at delivery or birth,2015-01-01,National,All,World Bank,
Skilled attendance at delivery or birth,2014-01-01,National,All,World Bank,
Skilled attendance at delivery or birth,2013-01-01,National,All,World Bank,35.2
Skilled attendance at delivery or birth,2012-01-01,National,All,World Bank,
Skilled attendance at delivery or birth,2011-01-01,National,All,World Bank,47.3
Skilled attendance at delivery or birth,2010-01-01,National,All,World Bank,
Skilled attendance at delivery or birth,2009-01-01,National,All,World Bank,
Skilled attendance at delivery or birth,2008-01-01,National,All,World Bank,34.4
Skilled attendance at delivery or birth,2007-01-01,National,All,World Bank,
Skilled attendance at delivery or birth,2006-01-01,National,All,World Bank,
Skilled attendance at delivery or birth,2005-01-01,National,All,World Bank,
Skilled attendance at delivery or birth,2004-01-01,National,All,World Bank,
Skilled attendance at delivery or birth,2003-01-01,National,All,World Bank,35.2
Skilled attendance at delivery or birth,2002-01-01,National,All,World Bank,
Skilled attendance at delivery or birth,2001-01-01,National,All,World Bank,
Skilled attendance at delivery or birth,2000-01-01,National,All,World Bank,
Skilled attendance at delivery or birth,1999-01-01,National,All,World Bank,41.6
Skilled attendance at delivery or birth,1998-01-01,National,All,World Bank,
Skilled attendance at delivery or birth,1997-01-01,National,All,World Bank,
Skilled attendance at delivery or birth,1996-01-01,National,All,World Bank,
Skilled attendance at delivery or birth,1995-01-01,National,All,World Bank,
Skilled attendance at delivery or birth,1994-01-01,National,All,World Bank,
Skilled attendance at delivery or birth,1993-01-01,National,All,World Bank,
Skilled attendance at delivery or birth,1992-01-01,National,All,World Bank,
Skilled attendance at delivery or birth,1991-01-01,National,All,World Bank,
Skilled attendance at delivery or birth,1990-01-01,National,All,World Bank,30.8
Skilled attendance at delivery or birth,1989-01-01,National,All,World Bank,
Skilled attendance at delivery or birth,1988-01-01,National,All,World Bank,
Skilled attendance at delivery or birth,1987-01-01,National,All,World Bank,
Skilled attendance at delivery or birth,1986-01-01,National,All,World Bank,
Skilled attendance at delivery or birth,1985-01-01,National,All,World Bank,
Skilled attendance at delivery or birth,1984-01-01,National,All,World Bank,
Skilled attendance at delivery or birth,1983-01-01,National,All,World Bank,
Skilled attendance at delivery or birth,1982-01-01,National,All,World Bank,
Skilled attendance at delivery or birth,1981-01-01,National,All,World Bank,
Skilled attendance at delivery or birth,1980-01-01,National,All,World Bank,
Skilled attendance at delivery or birth,1979-01-01,National,All,World Bank,
Skilled attendance at delivery or birth,1978-01-01,National,All,World Bank,
Skilled attendance at delivery or birth,1977-01-01,National,All,World Bank,
Skilled attendance at delivery or birth,1976-01-01,National,All,World Bank,
Skilled attendance at delivery or birth,1975-01-01,National,All,World Bank,
Skilled attendance at delivery or birth,1974-01-01,National,All,World Bank,
Skilled attendance at delivery or birth,1973-01-01,National,All,World Bank,
Skilled attendance at delivery or birth,1972-01-01,National,All,World Bank,
Skilled attendance at delivery or birth,1971-01-01,National,All,World Bank,
Skilled attendance at delivery or birth,1970-01-01,National,All,World Bank,
Skilled attendance at delivery or birth,1969-01-01,National,All,World Bank,
Skilled attendance at delivery or birth,1968-01-01,National,All,World Bank,
Skilled attendance at delivery or birth,1967-01-01,National,All,World Bank,
Skilled attendance at delivery or birth,1966-01-01,National,All,World Bank,
Skilled attendance at delivery or birth,1965-01-01,National,All,World Bank,
Skilled attendance at delivery or birth,1964-01-01,National,All,World Bank,
Skilled attendance at delivery or birth,1963-01-01,National,All,World Bank,
Skilled attendance at delivery or birth,1962-01-01,National,All,World Bank,
Skilled attendance at delivery or birth,1961-01-01,National,All,World Bank,
Skilled attendance at delivery or birth,1960-01-01,National,All,World Bank,
