Indicator,Period,State,LGA,Source,Value
Percentage of children with diarrhoea who received treatment,2019-01-01,National,All,World Bank,
Percentage of children with diarrhoea who received treatment,2018-01-01,National,All,World Bank,
Percentage of children with diarrhoea who received treatment,2017-01-01,National,All,World Bank,36.8
Percentage of children with diarrhoea who received treatment,2016-01-01,National,All,World Bank,
Percentage of children with diarrhoea who received treatment,2015-01-01,National,All,World Bank,
Percentage of children with diarrhoea who received treatment,2014-01-01,National,All,World Bank,
Percentage of children with diarrhoea who received treatment,2013-01-01,National,All,World Bank,33.7
Percentage of children with diarrhoea who received treatment,2012-01-01,National,All,World Bank,
Percentage of children with diarrhoea who received treatment,2011-01-01,National,All,World Bank,26.0
Percentage of children with diarrhoea who received treatment,2010-01-01,National,All,World Bank,
Percentage of children with diarrhoea who received treatment,2009-01-01,National,All,World Bank,
Percentage of children with diarrhoea who received treatment,2008-01-01,National,All,World Bank,25.5
Percentage of children with diarrhoea who received treatment,2007-01-01,National,All,World Bank,
Percentage of children with diarrhoea who received treatment,2006-01-01,National,All,World Bank,
Percentage of children with diarrhoea who received treatment,2005-01-01,National,All,World Bank,
Percentage of children with diarrhoea who received treatment,2004-01-01,National,All,World Bank,
Percentage of children with diarrhoea who received treatment,2003-01-01,National,All,World Bank,18.2
Percentage of children with diarrhoea who received treatment,2002-01-01,National,All,World Bank,
Percentage of children with diarrhoea who received treatment,2001-01-01,National,All,World Bank,
Percentage of children with diarrhoea who received treatment,2000-01-01,National,All,World Bank,
Percentage of children with diarrhoea who received treatment,1999-01-01,National,All,World Bank,34.3
Percentage of children with diarrhoea who received treatment,1998-01-01,National,All,World Bank,
Percentage of children with diarrhoea who received treatment,1997-01-01,National,All,World Bank,
Percentage of children with diarrhoea who received treatment,1996-01-01,National,All,World Bank,
Percentage of children with diarrhoea who received treatment,1995-01-01,National,All,World Bank,
Percentage of children with diarrhoea who received treatment,1994-01-01,National,All,World Bank,
Percentage of children with diarrhoea who received treatment,1993-01-01,National,All,World Bank,
Percentage of children with diarrhoea who received treatment,1992-01-01,National,All,World Bank,
Percentage of children with diarrhoea who received treatment,1991-01-01,National,All,World Bank,
Percentage of children with diarrhoea who received treatment,1990-01-01,National,All,World Bank,11.7
Percentage of children with diarrhoea who received treatment,1989-01-01,National,All,World Bank,35.0
Percentage of children with diarrhoea who received treatment,1988-01-01,National,All,World Bank,
Percentage of children with diarrhoea who received treatment,1987-01-01,National,All,World Bank,20.0
Percentage of children with diarrhoea who received treatment,1986-01-01,National,All,World Bank,18.0
Percentage of children with diarrhoea who received treatment,1985-01-01,National,All,World Bank,
Percentage of children with diarrhoea who received treatment,1984-01-01,National,All,World Bank,
Percentage of children with diarrhoea who received treatment,1983-01-01,National,All,World Bank,
Percentage of children with diarrhoea who received treatment,1982-01-01,National,All,World Bank,
Percentage of children with diarrhoea who received treatment,1981-01-01,National,All,World Bank,
Percentage of children with diarrhoea who received treatment,1980-01-01,National,All,World Bank,
Percentage of children with diarrhoea who received treatment,1979-01-01,National,All,World Bank,
Percentage of children with diarrhoea who received treatment,1978-01-01,National,All,World Bank,
Percentage of children with diarrhoea who received treatment,1977-01-01,National,All,World Bank,
Percentage of children with diarrhoea who received treatment,1976-01-01,National,All,World Bank,
Percentage of children with diarrhoea who received treatment,1975-01-01,National,All,World Bank,
Percentage of children with diarrhoea who received treatment,1974-01-01,National,All,World Bank,
Percentage of children with diarrhoea who received treatment,1973-01-01,National,All,World Bank,
Percentage of children with diarrhoea who received treatment,1972-01-01,National,All,World Bank,
Percentage of children with diarrhoea who received treatment,1971-01-01,National,All,World Bank,
Percentage of children with diarrhoea who received treatment,1970-01-01,National,All,World Bank,
Percentage of children with diarrhoea who received treatment,1969-01-01,National,All,World Bank,
Percentage of children with diarrhoea who received treatment,1968-01-01,National,All,World Bank,
Percentage of children with diarrhoea who received treatment,1967-01-01,National,All,World Bank,
Percentage of children with diarrhoea who received treatment,1966-01-01,National,All,World Bank,
Percentage of children with diarrhoea who received treatment,1965-01-01,National,All,World Bank,
Percentage of children with diarrhoea who received treatment,1964-01-01,National,All,World Bank,
Percentage of children with diarrhoea who received treatment,1963-01-01,National,All,World Bank,
Percentage of children with diarrhoea who received treatment,1962-01-01,National,All,World Bank,
Percentage of children with diarrhoea who received treatment,1961-01-01,National,All,World Bank,
Percentage of children with diarrhoea who received treatment,1960-01-01,National,All,World Bank,
