Indicator,Period,State,LGA,Source,Value
Contraceptive prevalence rate,2019-01-01,National,All,World Bank,
Contraceptive prevalence rate,2018-01-01,National,All,World Bank,27.586336417271
Contraceptive prevalence rate,2017-01-01,National,All,World Bank,13.4
Contraceptive prevalence rate,2016-01-01,National,All,World Bank,20.4
Contraceptive prevalence rate,2015-01-01,National,All,World Bank,
Contraceptive prevalence rate,2014-01-01,National,All,World Bank,
Contraceptive prevalence rate,2013-01-01,National,All,World Bank,15.1
Contraceptive prevalence rate,2012-01-01,National,All,World Bank,13.5
Contraceptive prevalence rate,2011-01-01,National,All,World Bank,14.1
Contraceptive prevalence rate,2010-01-01,National,All,World Bank,
Contraceptive prevalence rate,2009-01-01,National,All,World Bank,
Contraceptive prevalence rate,2008-01-01,National,All,World Bank,14.6
Contraceptive prevalence rate,2007-01-01,National,All,World Bank,14.7
Contraceptive prevalence rate,2006-01-01,National,All,World Bank,
Contraceptive prevalence rate,2005-01-01,National,All,World Bank,
Contraceptive prevalence rate,2004-01-01,National,All,World Bank,
Contraceptive prevalence rate,2003-01-01,National,All,World Bank,12.6
Contraceptive prevalence rate,2002-01-01,National,All,World Bank,
Contraceptive prevalence rate,2001-01-01,National,All,World Bank,
Contraceptive prevalence rate,2000-01-01,National,All,World Bank,
Contraceptive prevalence rate,1999-01-01,National,All,World Bank,15.3
Contraceptive prevalence rate,1998-01-01,National,All,World Bank,
Contraceptive prevalence rate,1997-01-01,National,All,World Bank,
Contraceptive prevalence rate,1996-01-01,National,All,World Bank,
Contraceptive prevalence rate,1995-01-01,National,All,World Bank,
Contraceptive prevalence rate,1994-01-01,National,All,World Bank,13.4
Contraceptive prevalence rate,1993-01-01,National,All,World Bank,
Contraceptive prevalence rate,1992-01-01,National,All,World Bank,
Contraceptive prevalence rate,1991-01-01,National,All,World Bank,
Contraceptive prevalence rate,1990-01-01,National,All,World Bank,6.0
Contraceptive prevalence rate,1989-01-01,National,All,World Bank,
Contraceptive prevalence rate,1988-01-01,National,All,World Bank,
Contraceptive prevalence rate,1987-01-01,National,All,World Bank,
Contraceptive prevalence rate,1986-01-01,National,All,World Bank,
Contraceptive prevalence rate,1985-01-01,National,All,World Bank,
Contraceptive prevalence rate,1984-01-01,National,All,World Bank,
Contraceptive prevalence rate,1983-01-01,National,All,World Bank,
Contraceptive prevalence rate,1982-01-01,National,All,World Bank,6.8
Contraceptive prevalence rate,1981-01-01,National,All,World Bank,
Contraceptive prevalence rate,1980-01-01,National,All,World Bank,
Contraceptive prevalence rate,1979-01-01,National,All,World Bank,
Contraceptive prevalence rate,1978-01-01,National,All,World Bank,
Contraceptive prevalence rate,1977-01-01,National,All,World Bank,
Contraceptive prevalence rate,1976-01-01,National,All,World Bank,
Contraceptive prevalence rate,1975-01-01,National,All,World Bank,
Contraceptive prevalence rate,1974-01-01,National,All,World Bank,
Contraceptive prevalence rate,1973-01-01,National,All,World Bank,
Contraceptive prevalence rate,1972-01-01,National,All,World Bank,
Contraceptive prevalence rate,1971-01-01,National,All,World Bank,
Contraceptive prevalence rate,1970-01-01,National,All,World Bank,
Contraceptive prevalence rate,1969-01-01,National,All,World Bank,
Contraceptive prevalence rate,1968-01-01,National,All,World Bank,
Contraceptive prevalence rate,1967-01-01,National,All,World Bank,
Contraceptive prevalence rate,1966-01-01,National,All,World Bank,
Contraceptive prevalence rate,1965-01-01,National,All,World Bank,
Contraceptive prevalence rate,1964-01-01,National,All,World Bank,
Contraceptive prevalence rate,1963-01-01,National,All,World Bank,
Contraceptive prevalence rate,1962-01-01,National,All,World Bank,
Contraceptive prevalence rate,1961-01-01,National,All,World Bank,
Contraceptive prevalence rate,1960-01-01,National,All,World Bank,
