Indicator,Period,State,LGA,Source,Value
Measles Immunization Coverage,2019-01-01,National,All,World Bank,
Measles Immunization Coverage,2018-01-01,National,All,World Bank,65.0
Measles Immunization Coverage,2017-01-01,National,All,World Bank,65.0
Measles Immunization Coverage,2016-01-01,National,All,World Bank,65.0
Measles Immunization Coverage,2015-01-01,National,All,World Bank,43.0
Measles Immunization Coverage,2014-01-01,National,All,World Bank,44.0
Measles Immunization Coverage,2013-01-01,National,All,World Bank,42.0
Measles Immunization Coverage,2012-01-01,National,All,World Bank,42.0
Measles Immunization Coverage,2011-01-01,National,All,World Bank,49.0
Measles Immunization Coverage,2010-01-01,National,All,World Bank,56.0
Measles Immunization Coverage,2009-01-01,National,All,World Bank,64.0
Measles Immunization Coverage,2008-01-01,National,All,World Bank,53.0
Measles Immunization Coverage,2007-01-01,National,All,World Bank,41.0
Measles Immunization Coverage,2006-01-01,National,All,World Bank,44.0
Measles Immunization Coverage,2005-01-01,National,All,World Bank,41.0
Measles Immunization Coverage,2004-01-01,National,All,World Bank,37.0
Measles Immunization Coverage,2003-01-01,National,All,World Bank,34.0
Measles Immunization Coverage,2002-01-01,National,All,World Bank,30.0
Measles Immunization Coverage,2001-01-01,National,All,World Bank,32.0
Measles Immunization Coverage,2000-01-01,National,All,World Bank,33.0
Measles Immunization Coverage,1999-01-01,National,All,World Bank,35.0
Measles Immunization Coverage,1998-01-01,National,All,World Bank,38.0
Measles Immunization Coverage,1997-01-01,National,All,World Bank,38.0
Measles Immunization Coverage,1996-01-01,National,All,World Bank,38.0
Measles Immunization Coverage,1995-01-01,National,All,World Bank,44.0
Measles Immunization Coverage,1994-01-01,National,All,World Bank,41.0
Measles Immunization Coverage,1993-01-01,National,All,World Bank,40.0
Measles Immunization Coverage,1992-01-01,National,All,World Bank,43.0
Measles Immunization Coverage,1991-01-01,National,All,World Bank,57.0
Measles Immunization Coverage,1990-01-01,National,All,World Bank,54.0
Measles Immunization Coverage,1989-01-01,National,All,World Bank,59.0
Measles Immunization Coverage,1988-01-01,National,All,World Bank,46.0
Measles Immunization Coverage,1987-01-01,National,All,World Bank,36.0
Measles Immunization Coverage,1986-01-01,National,All,World Bank,28.0
Measles Immunization Coverage,1985-01-01,National,All,World Bank,17.0
Measles Immunization Coverage,1984-01-01,National,All,World Bank,9.0
Measles Immunization Coverage,1983-01-01,National,All,World Bank,
Measles Immunization Coverage,1982-01-01,National,All,World Bank,
Measles Immunization Coverage,1981-01-01,National,All,World Bank,
Measles Immunization Coverage,1980-01-01,National,All,World Bank,
Measles Immunization Coverage,1979-01-01,National,All,World Bank,
Measles Immunization Coverage,1978-01-01,National,All,World Bank,
Measles Immunization Coverage,1977-01-01,National,All,World Bank,
Measles Immunization Coverage,1976-01-01,National,All,World Bank,
Measles Immunization Coverage,1975-01-01,National,All,World Bank,
Measles Immunization Coverage,1974-01-01,National,All,World Bank,
Measles Immunization Coverage,1973-01-01,National,All,World Bank,
Measles Immunization Coverage,1972-01-01,National,All,World Bank,
Measles Immunization Coverage,1971-01-01,National,All,World Bank,
Measles Immunization Coverage,1970-01-01,National,All,World Bank,
Measles Immunization Coverage,1969-01-01,National,All,World Bank,
Measles Immunization Coverage,1968-01-01,National,All,World Bank,
Measles Immunization Coverage,1967-01-01,National,All,World Bank,
Measles Immunization Coverage,1966-01-01,National,All,World Bank,
Measles Immunization Coverage,1965-01-01,National,All,World Bank,
Measles Immunization Coverage,1964-01-01,National,All,World Bank,
Measles Immunization Coverage,1963-01-01,National,All,World Bank,
Measles Immunization Coverage,1962-01-01,National,All,World Bank,
Measles Immunization Coverage,1961-01-01,National,All,World Bank,
Measles Immunization Coverage,1960-01-01,National,All,World Bank,
