Indicator,Period,State,LGA,Source,Value
Neonatal mortality rate (per 1000 live births),2019-01-01,National,All,World Bank,
Neonatal mortality rate (per 1000 live births),2018-01-01,National,All,World Bank,36.0
Neonatal mortality rate (per 1000 live births),2017-01-01,National,All,World Bank,36.4
Neonatal mortality rate (per 1000 live births),2016-01-01,National,All,World Bank,36.6
Neonatal mortality rate (per 1000 live births),2015-01-01,National,All,World Bank,36.8
Neonatal mortality rate (per 1000 live births),2014-01-01,National,All,World Bank,37.0
Neonatal mortality rate (per 1000 live births),2013-01-01,National,All,World Bank,37.3
Neonatal mortality rate (per 1000 live births),2012-01-01,National,All,World Bank,37.6
Neonatal mortality rate (per 1000 live births),2011-01-01,National,All,World Bank,37.9
Neonatal mortality rate (per 1000 live births),2010-01-01,National,All,World Bank,38.3
Neonatal mortality rate (per 1000 live births),2009-01-01,National,All,World Bank,38.8
Neonatal mortality rate (per 1000 live births),2008-01-01,National,All,World Bank,39.3
Neonatal mortality rate (per 1000 live births),2007-01-01,National,All,World Bank,40.0
Neonatal mortality rate (per 1000 live births),2006-01-01,National,All,World Bank,40.8
Neonatal mortality rate (per 1000 live births),2005-01-01,National,All,World Bank,41.8
Neonatal mortality rate (per 1000 live births),2004-01-01,National,All,World Bank,42.8
Neonatal mortality rate (per 1000 live births),2003-01-01,National,All,World Bank,44.1
Neonatal mortality rate (per 1000 live births),2002-01-01,National,All,World Bank,45.3
Neonatal mortality rate (per 1000 live births),2001-01-01,National,All,World Bank,46.5
Neonatal mortality rate (per 1000 live births),2000-01-01,National,All,World Bank,47.5
Neonatal mortality rate (per 1000 live births),1999-01-01,National,All,World Bank,48.5
Neonatal mortality rate (per 1000 live births),1998-01-01,National,All,World Bank,49.4
Neonatal mortality rate (per 1000 live births),1997-01-01,National,All,World Bank,50.1
Neonatal mortality rate (per 1000 live births),1996-01-01,National,All,World Bank,50.5
Neonatal mortality rate (per 1000 live births),1995-01-01,National,All,World Bank,50.7
Neonatal mortality rate (per 1000 live births),1994-01-01,National,All,World Bank,50.8
Neonatal mortality rate (per 1000 live births),1993-01-01,National,All,World Bank,50.7
Neonatal mortality rate (per 1000 live births),1992-01-01,National,All,World Bank,50.6
Neonatal mortality rate (per 1000 live births),1991-01-01,National,All,World Bank,50.3
Neonatal mortality rate (per 1000 live births),1990-01-01,National,All,World Bank,50.0
Neonatal mortality rate (per 1000 live births),1989-01-01,National,All,World Bank,49.9
Neonatal mortality rate (per 1000 live births),1988-01-01,National,All,World Bank,49.8
Neonatal mortality rate (per 1000 live births),1987-01-01,National,All,World Bank,49.8
Neonatal mortality rate (per 1000 live births),1986-01-01,National,All,World Bank,49.8
Neonatal mortality rate (per 1000 live births),1985-01-01,National,All,World Bank,50.0
Neonatal mortality rate (per 1000 live births),1984-01-01,National,All,World Bank,50.4
Neonatal mortality rate (per 1000 live births),1983-01-01,National,All,World Bank,51.0
Neonatal mortality rate (per 1000 live births),1982-01-01,National,All,World Bank,51.7
Neonatal mortality rate (per 1000 live births),1981-01-01,National,All,World Bank,52.6
Neonatal mortality rate (per 1000 live births),1980-01-01,National,All,World Bank,53.7
Neonatal mortality rate (per 1000 live births),1979-01-01,National,All,World Bank,54.9
Neonatal mortality rate (per 1000 live births),1978-01-01,National,All,World Bank,56.2
Neonatal mortality rate (per 1000 live births),1977-01-01,National,All,World Bank,57.5
Neonatal mortality rate (per 1000 live births),1976-01-01,National,All,World Bank,59.0
Neonatal mortality rate (per 1000 live births),1975-01-01,National,All,World Bank,60.3
Neonatal mortality rate (per 1000 live births),1974-01-01,National,All,World Bank,61.7
Neonatal mortality rate (per 1000 live births),1973-01-01,National,All,World Bank,63.1
Neonatal mortality rate (per 1000 live births),1972-01-01,National,All,World Bank,64.5
Neonatal mortality rate (per 1000 live births),1971-01-01,National,All,World Bank,65.8
Neonatal mortality rate (per 1000 live births),1970-01-01,National,All,World Bank,67.1
Neonatal mortality rate (per 1000 live births),1969-01-01,National,All,World Bank,68.3
Neonatal mortality rate (per 1000 live births),1968-01-01,National,All,World Bank,69.6
Neonatal mortality rate (per 1000 live births),1967-01-01,National,All,World Bank,70.7
Neonatal mortality rate (per 1000 live births),1966-01-01,National,All,World Bank,
Neonatal mortality rate (per 1000 live births),1965-01-01,National,All,World Bank,
Neonatal mortality rate (per 1000 live births),1964-01-01,National,All,World Bank,
Neonatal mortality rate (per 1000 live births),1963-01-01,National,All,World Bank,
Neonatal mortality rate (per 1000 live births),1962-01-01,National,All,World Bank,
Neonatal mortality rate (per 1000 live births),1961-01-01,National,All,World Bank,
Neonatal mortality rate (per 1000 live births),1960-01-01,National,All,World Bank,
