Indicator,Period,State,LGA,Source,Value
Vitamin A supplementation coverage,2019-01-01,National,All,World Bank,
Vitamin A supplementation coverage,2018-01-01,National,All,World Bank,
Vitamin A supplementation coverage,2017-01-01,National,All,World Bank,83.0
Vitamin A supplementation coverage,2016-01-01,National,All,World Bank,56.0
Vitamin A supplementation coverage,2015-01-01,National,All,World Bank,76.0
Vitamin A supplementation coverage,2014-01-01,National,All,World Bank,80.0
Vitamin A supplementation coverage,2013-01-01,National,All,World Bank,70.0
Vitamin A supplementation coverage,2012-01-01,National,All,World Bank,78.0
Vitamin A supplementation coverage,2011-01-01,National,All,World Bank,73.0
Vitamin A supplementation coverage,2010-01-01,National,All,World Bank,91.0
Vitamin A supplementation coverage,2009-01-01,National,All,World Bank,78.0
Vitamin A supplementation coverage,2008-01-01,National,All,World Bank,0.0
Vitamin A supplementation coverage,2007-01-01,National,All,World Bank,55.0
Vitamin A supplementation coverage,2006-01-01,National,All,World Bank,61.0
Vitamin A supplementation coverage,2005-01-01,National,All,World Bank,40.0
Vitamin A supplementation coverage,2004-01-01,National,All,World Bank,76.0
Vitamin A supplementation coverage,2003-01-01,National,All,World Bank,0.0
Vitamin A supplementation coverage,2002-01-01,National,All,World Bank,31.0
Vitamin A supplementation coverage,2001-01-01,National,All,World Bank,64.0
Vitamin A supplementation coverage,2000-01-01,National,All,World Bank,0.0
Vitamin A supplementation coverage,1999-01-01,National,All,World Bank,23.0
Vitamin A supplementation coverage,1998-01-01,National,All,World Bank,
Vitamin A supplementation coverage,1997-01-01,National,All,World Bank,
Vitamin A supplementation coverage,1996-01-01,National,All,World Bank,
Vitamin A supplementation coverage,1995-01-01,National,All,World Bank,
Vitamin A supplementation coverage,1994-01-01,National,All,World Bank,
Vitamin A supplementation coverage,1993-01-01,National,All,World Bank,
Vitamin A supplementation coverage,1992-01-01,National,All,World Bank,
Vitamin A supplementation coverage,1991-01-01,National,All,World Bank,
Vitamin A supplementation coverage,1990-01-01,National,All,World Bank,
Vitamin A supplementation coverage,1989-01-01,National,All,World Bank,
Vitamin A supplementation coverage,1988-01-01,National,All,World Bank,
Vitamin A supplementation coverage,1987-01-01,National,All,World Bank,
Vitamin A supplementation coverage,1986-01-01,National,All,World Bank,
Vitamin A supplementation coverage,1985-01-01,National,All,World Bank,
Vitamin A supplementation coverage,1984-01-01,National,All,World Bank,
Vitamin A supplementation coverage,1983-01-01,National,All,World Bank,
Vitamin A supplementation coverage,1982-01-01,National,All,World Bank,
Vitamin A supplementation coverage,1981-01-01,National,All,World Bank,
Vitamin A supplementation coverage,1980-01-01,National,All,World Bank,
Vitamin A supplementation coverage,1979-01-01,National,All,World Bank,
Vitamin A supplementation coverage,1978-01-01,National,All,World Bank,
Vitamin A supplementation coverage,1977-01-01,National,All,World Bank,
Vitamin A supplementation coverage,1976-01-01,National,All,World Bank,
Vitamin A supplementation coverage,1975-01-01,National,All,World Bank,
Vitamin A supplementation coverage,1974-01-01,National,All,World Bank,
Vitamin A supplementation coverage,1973-01-01,National,All,World Bank,
Vitamin A supplementation coverage,1972-01-01,National,All,World Bank,
Vitamin A supplementation coverage,1971-01-01,National,All,World Bank,
Vitamin A supplementation coverage,1970-01-01,National,All,World Bank,
Vitamin A supplementation coverage,1969-01-01,National,All,World Bank,
Vitamin A supplementation coverage,1968-01-01,National,All,World Bank,
Vitamin A supplementation coverage,1967-01-01,National,All,World Bank,
Vitamin A supplementation coverage,1966-01-01,National,All,World Bank,
Vitamin A supplementation coverage,1965-01-01,National,All,World Bank,
Vitamin A supplementation coverage,1964-01-01,National,All,World Bank,
Vitamin A supplementation coverage,1963-01-01,National,All,World Bank,
Vitamin A supplementation coverage,1962-01-01,National,All,World Bank,
Vitamin A supplementation coverage,1961-01-01,National,All,World Bank,
Vitamin A supplementation coverage,1960-01-01,National,All,World Bank,
