Indicator,Period,State,LGA,Source,Value
Infant Mortality rate,2019-01-01,National,All,World Bank,
Infant Mortality rate,2018-01-01,National,All,World Bank,75.7
Infant Mortality rate,2017-01-01,National,All,World Bank,76.9
Infant Mortality rate,2016-01-01,National,All,World Bank,77.9
Infant Mortality rate,2015-01-01,National,All,World Bank,78.7
Infant Mortality rate,2014-01-01,National,All,World Bank,79.6
Infant Mortality rate,2013-01-01,National,All,World Bank,80.5
Infant Mortality rate,2012-01-01,National,All,World Bank,81.5
Infant Mortality rate,2011-01-01,National,All,World Bank,82.7
Infant Mortality rate,2010-01-01,National,All,World Bank,84.1
Infant Mortality rate,2009-01-01,National,All,World Bank,85.9
Infant Mortality rate,2008-01-01,National,All,World Bank,87.9
Infant Mortality rate,2007-01-01,National,All,World Bank,90.2
Infant Mortality rate,2006-01-01,National,All,World Bank,92.8
Infant Mortality rate,2005-01-01,National,All,World Bank,95.6
Infant Mortality rate,2004-01-01,National,All,World Bank,98.6
Infant Mortality rate,2003-01-01,National,All,World Bank,101.6
Infant Mortality rate,2002-01-01,National,All,World Bank,104.8
Infant Mortality rate,2001-01-01,National,All,World Bank,107.8
Infant Mortality rate,2000-01-01,National,All,World Bank,110.9
Infant Mortality rate,1999-01-01,National,All,World Bank,113.7
Infant Mortality rate,1998-01-01,National,All,World Bank,116.5
Infant Mortality rate,1997-01-01,National,All,World Bank,118.9
Infant Mortality rate,1996-01-01,National,All,World Bank,120.9
Infant Mortality rate,1995-01-01,National,All,World Bank,122.3
Infant Mortality rate,1994-01-01,National,All,World Bank,123.4
Infant Mortality rate,1993-01-01,National,All,World Bank,124.0
Infant Mortality rate,1992-01-01,National,All,World Bank,124.5
Infant Mortality rate,1991-01-01,National,All,World Bank,124.9
Infant Mortality rate,1990-01-01,National,All,World Bank,125.1
Infant Mortality rate,1989-01-01,National,All,World Bank,125.2
Infant Mortality rate,1988-01-01,National,All,World Bank,125.0
Infant Mortality rate,1987-01-01,National,All,World Bank,124.7
Infant Mortality rate,1986-01-01,National,All,World Bank,124.2
Infant Mortality rate,1985-01-01,National,All,World Bank,123.7
Infant Mortality rate,1984-01-01,National,All,World Bank,123.3
Infant Mortality rate,1983-01-01,National,All,World Bank,123.3
Infant Mortality rate,1982-01-01,National,All,World Bank,123.7
Infant Mortality rate,1981-01-01,National,All,World Bank,124.7
Infant Mortality rate,1980-01-01,National,All,World Bank,126.4
Infant Mortality rate,1979-01-01,National,All,World Bank,128.8
Infant Mortality rate,1978-01-01,National,All,World Bank,131.7
Infant Mortality rate,1977-01-01,National,All,World Bank,135.4
Infant Mortality rate,1976-01-01,National,All,World Bank,139.5
Infant Mortality rate,1975-01-01,National,All,World Bank,144.1
Infant Mortality rate,1974-01-01,National,All,World Bank,149.0
Infant Mortality rate,1973-01-01,National,All,World Bank,154.0
Infant Mortality rate,1972-01-01,National,All,World Bank,159.0
Infant Mortality rate,1971-01-01,National,All,World Bank,164.2
Infant Mortality rate,1970-01-01,National,All,World Bank,169.0
Infant Mortality rate,1969-01-01,National,All,World Bank,173.7
Infant Mortality rate,1968-01-01,National,All,World Bank,178.2
Infant Mortality rate,1967-01-01,National,All,World Bank,182.4
Infant Mortality rate,1966-01-01,National,All,World Bank,186.6
Infant Mortality rate,1965-01-01,National,All,World Bank,190.7
Infant Mortality rate,1964-01-01,National,All,World Bank,195.0
Infant Mortality rate,1963-01-01,National,All,World Bank,
Infant Mortality rate,1962-01-01,National,All,World Bank,
Infant Mortality rate,1961-01-01,National,All,World Bank,
Infant Mortality rate,1960-01-01,National,All,World Bank,
