Indicator,Period,State,LGA,Source,Value
Prevalence of HIV,2019-01-01,National,All,World Bank,
Prevalence of HIV,2018-01-01,National,All,World Bank,1.5
Prevalence of HIV,2017-01-01,National,All,World Bank,1.5
Prevalence of HIV,2016-01-01,National,All,World Bank,1.5
Prevalence of HIV,2015-01-01,National,All,World Bank,1.6
Prevalence of HIV,2014-01-01,National,All,World Bank,1.6
Prevalence of HIV,2013-01-01,National,All,World Bank,1.6
Prevalence of HIV,2012-01-01,National,All,World Bank,1.6
Prevalence of HIV,2011-01-01,National,All,World Bank,1.6
Prevalence of HIV,2010-01-01,National,All,World Bank,1.6
Prevalence of HIV,2009-01-01,National,All,World Bank,1.6
Prevalence of HIV,2008-01-01,National,All,World Bank,1.6
Prevalence of HIV,2007-01-01,National,All,World Bank,1.6
Prevalence of HIV,2006-01-01,National,All,World Bank,1.6
Prevalence of HIV,2005-01-01,National,All,World Bank,1.7
Prevalence of HIV,2004-01-01,National,All,World Bank,1.7
Prevalence of HIV,2003-01-01,National,All,World Bank,1.7
Prevalence of HIV,2002-01-01,National,All,World Bank,1.7
Prevalence of HIV,2001-01-01,National,All,World Bank,1.8
Prevalence of HIV,2000-01-01,National,All,World Bank,1.8
Prevalence of HIV,1999-01-01,National,All,World Bank,1.7
Prevalence of HIV,1998-01-01,National,All,World Bank,1.7
Prevalence of HIV,1997-01-01,National,All,World Bank,1.6
Prevalence of HIV,1996-01-01,National,All,World Bank,1.5
Prevalence of HIV,1995-01-01,National,All,World Bank,1.4
Prevalence of HIV,1994-01-01,National,All,World Bank,1.3
Prevalence of HIV,1993-01-01,National,All,World Bank,1.2
Prevalence of HIV,1992-01-01,National,All,World Bank,1.0
Prevalence of HIV,1991-01-01,National,All,World Bank,0.9
Prevalence of HIV,1990-01-01,National,All,World Bank,0.7
Prevalence of HIV,1989-01-01,National,All,World Bank,
Prevalence of HIV,1988-01-01,National,All,World Bank,
Prevalence of HIV,1987-01-01,National,All,World Bank,
Prevalence of HIV,1986-01-01,National,All,World Bank,
Prevalence of HIV,1985-01-01,National,All,World Bank,
Prevalence of HIV,1984-01-01,National,All,World Bank,
Prevalence of HIV,1983-01-01,National,All,World Bank,
Prevalence of HIV,1982-01-01,National,All,World Bank,
Prevalence of HIV,1981-01-01,National,All,World Bank,
Prevalence of HIV,1980-01-01,National,All,World Bank,
Prevalence of HIV,1979-01-01,National,All,World Bank,
Prevalence of HIV,1978-01-01,National,All,World Bank,
Prevalence of HIV,1977-01-01,National,All,World Bank,
Prevalence of HIV,1976-01-01,National,All,World Bank,
Prevalence of HIV,1975-01-01,National,All,World Bank,
Prevalence of HIV,1974-01-01,National,All,World Bank,
Prevalence of HIV,1973-01-01,National,All,World Bank,
Prevalence of HIV,1972-01-01,National,All,World Bank,
Prevalence of HIV,1971-01-01,National,All,World Bank,
Prevalence of HIV,1970-01-01,National,All,World Bank,
Prevalence of HIV,1969-01-01,National,All,World Bank,
Prevalence of HIV,1968-01-01,National,All,World Bank,
Prevalence of HIV,1967-01-01,National,All,World Bank,
Prevalence of HIV,1966-01-01,National,All,World Bank,
Prevalence of HIV,1965-01-01,National,All,World Bank,
Prevalence of HIV,1964-01-01,National,All,World Bank,
Prevalence of HIV,1963-01-01,National,All,World Bank,
Prevalence of HIV,1962-01-01,National,All,World Bank,
Prevalence of HIV,1961-01-01,National,All,World Bank,
Prevalence of HIV,1960-01-01,National,All,World Bank,
