Indicator,Period,State,LGA,Source,Value
Adolescent birth rate,2019-01-01,National,All,World Bank,
Adolescent birth rate,2018-01-01,National,All,World Bank,
Adolescent birth rate,2017-01-01,National,All,World Bank,107.33
Adolescent birth rate,2016-01-01,National,All,World Bank,109.274
Adolescent birth rate,2015-01-01,National,All,World Bank,111.218
Adolescent birth rate,2014-01-01,National,All,World Bank,113.162
Adolescent birth rate,2013-01-01,National,All,World Bank,115.106
Adolescent birth rate,2012-01-01,National,All,World Bank,117.05
Adolescent birth rate,2011-01-01,National,All,World Bank,118.2752
Adolescent birth rate,2010-01-01,National,All,World Bank,119.5004
Adolescent birth rate,2009-01-01,National,All,World Bank,120.7256
Adolescent birth rate,2008-01-01,National,All,World Bank,121.9508
Adolescent birth rate,2007-01-01,National,All,World Bank,123.176
Adolescent birth rate,2006-01-01,National,All,World Bank,124.5972
Adolescent birth rate,2005-01-01,National,All,World Bank,126.0184
Adolescent birth rate,2004-01-01,National,All,World Bank,127.4396
Adolescent birth rate,2003-01-01,National,All,World Bank,128.8608
Adolescent birth rate,2002-01-01,National,All,World Bank,130.282
Adolescent birth rate,2001-01-01,National,All,World Bank,131.5528
Adolescent birth rate,2000-01-01,National,All,World Bank,132.8236
Adolescent birth rate,1999-01-01,National,All,World Bank,134.0944
Adolescent birth rate,1998-01-01,National,All,World Bank,135.3652
Adolescent birth rate,1997-01-01,National,All,World Bank,136.636
Adolescent birth rate,1996-01-01,National,All,World Bank,137.9954
Adolescent birth rate,1995-01-01,National,All,World Bank,139.3548
Adolescent birth rate,1994-01-01,National,All,World Bank,140.7142
Adolescent birth rate,1993-01-01,National,All,World Bank,142.0736
Adolescent birth rate,1992-01-01,National,All,World Bank,143.433
Adolescent birth rate,1991-01-01,National,All,World Bank,145.7192
Adolescent birth rate,1990-01-01,National,All,World Bank,148.0054
Adolescent birth rate,1989-01-01,National,All,World Bank,150.2916
Adolescent birth rate,1988-01-01,National,All,World Bank,152.5778
Adolescent birth rate,1987-01-01,National,All,World Bank,154.864
Adolescent birth rate,1986-01-01,National,All,World Bank,157.0386
Adolescent birth rate,1985-01-01,National,All,World Bank,159.2132
Adolescent birth rate,1984-01-01,National,All,World Bank,161.3878
Adolescent birth rate,1983-01-01,National,All,World Bank,163.5624
Adolescent birth rate,1982-01-01,National,All,World Bank,165.737
Adolescent birth rate,1981-01-01,National,All,World Bank,166.9968
Adolescent birth rate,1980-01-01,National,All,World Bank,168.2566
Adolescent birth rate,1979-01-01,National,All,World Bank,169.5164
Adolescent birth rate,1978-01-01,National,All,World Bank,170.7762
Adolescent birth rate,1977-01-01,National,All,World Bank,172.036
Adolescent birth rate,1976-01-01,National,All,World Bank,171.2704
Adolescent birth rate,1975-01-01,National,All,World Bank,170.5048
Adolescent birth rate,1974-01-01,National,All,World Bank,169.7392
Adolescent birth rate,1973-01-01,National,All,World Bank,168.9736
Adolescent birth rate,1972-01-01,National,All,World Bank,168.208
Adolescent birth rate,1971-01-01,National,All,World Bank,166.9738
Adolescent birth rate,1970-01-01,National,All,World Bank,165.7396
Adolescent birth rate,1969-01-01,National,All,World Bank,164.5054
Adolescent birth rate,1968-01-01,National,All,World Bank,163.2712
Adolescent birth rate,1967-01-01,National,All,World Bank,162.037
Adolescent birth rate,1966-01-01,National,All,World Bank,162.4208
Adolescent birth rate,1965-01-01,National,All,World Bank,162.8046
Adolescent birth rate,1964-01-01,National,All,World Bank,163.1884
Adolescent birth rate,1963-01-01,National,All,World Bank,163.5722
Adolescent birth rate,1962-01-01,National,All,World Bank,163.956
Adolescent birth rate,1961-01-01,National,All,World Bank,163.956
Adolescent birth rate,1960-01-01,National,All,World Bank,163.956
