Indicator,Period,State,LGA,Source,Value
ANC Coverage (4 visits),2019-01-01,National,All,World Bank,
ANC Coverage (4 visits),2018-01-01,National,All,World Bank,
ANC Coverage (4 visits),2017-01-01,National,All,World Bank,65.8
ANC Coverage (4 visits),2016-01-01,National,All,World Bank,
ANC Coverage (4 visits),2015-01-01,National,All,World Bank,62.6
ANC Coverage (4 visits),2014-01-01,National,All,World Bank,
ANC Coverage (4 visits),2013-01-01,National,All,World Bank,60.6
ANC Coverage (4 visits),2012-01-01,National,All,World Bank,
ANC Coverage (4 visits),2011-01-01,National,All,World Bank,66.2
ANC Coverage (4 visits),2010-01-01,National,All,World Bank,
ANC Coverage (4 visits),2009-01-01,National,All,World Bank,
ANC Coverage (4 visits),2008-01-01,National,All,World Bank,57.7
ANC Coverage (4 visits),2007-01-01,National,All,World Bank,
ANC Coverage (4 visits),2006-01-01,National,All,World Bank,
ANC Coverage (4 visits),2005-01-01,National,All,World Bank,
ANC Coverage (4 visits),2004-01-01,National,All,World Bank,
ANC Coverage (4 visits),2003-01-01,National,All,World Bank,58.0
ANC Coverage (4 visits),2002-01-01,National,All,World Bank,
ANC Coverage (4 visits),2001-01-01,National,All,World Bank,
ANC Coverage (4 visits),2000-01-01,National,All,World Bank,
ANC Coverage (4 visits),1999-01-01,National,All,World Bank,63.6
ANC Coverage (4 visits),1998-01-01,National,All,World Bank,
ANC Coverage (4 visits),1997-01-01,National,All,World Bank,
ANC Coverage (4 visits),1996-01-01,National,All,World Bank,
ANC Coverage (4 visits),1995-01-01,National,All,World Bank,
ANC Coverage (4 visits),1994-01-01,National,All,World Bank,
ANC Coverage (4 visits),1993-01-01,National,All,World Bank,
ANC Coverage (4 visits),1992-01-01,National,All,World Bank,
ANC Coverage (4 visits),1991-01-01,National,All,World Bank,
ANC Coverage (4 visits),1990-01-01,National,All,World Bank,56.5
ANC Coverage (4 visits),1989-01-01,National,All,World Bank,
ANC Coverage (4 visits),1988-01-01,National,All,World Bank,
ANC Coverage (4 visits),1987-01-01,National,All,World Bank,
ANC Coverage (4 visits),1986-01-01,National,All,World Bank,78.8
ANC Coverage (4 visits),1985-01-01,National,All,World Bank,
ANC Coverage (4 visits),1984-01-01,National,All,World Bank,
ANC Coverage (4 visits),1983-01-01,National,All,World Bank,
ANC Coverage (4 visits),1982-01-01,National,All,World Bank,
ANC Coverage (4 visits),1981-01-01,National,All,World Bank,
ANC Coverage (4 visits),1980-01-01,National,All,World Bank,
ANC Coverage (4 visits),1979-01-01,National,All,World Bank,
ANC Coverage (4 visits),1978-01-01,National,All,World Bank,
ANC Coverage (4 visits),1977-01-01,National,All,World Bank,
ANC Coverage (4 visits),1976-01-01,National,All,World Bank,
ANC Coverage (4 visits),1975-01-01,National,All,World Bank,
ANC Coverage (4 visits),1974-01-01,National,All,World Bank,
ANC Coverage (4 visits),1973-01-01,National,All,World Bank,
ANC Coverage (4 visits),1972-01-01,National,All,World Bank,
ANC Coverage (4 visits),1971-01-01,National,All,World Bank,
ANC Coverage (4 visits),1970-01-01,National,All,World Bank,
ANC Coverage (4 visits),1969-01-01,National,All,World Bank,
ANC Coverage (4 visits),1968-01-01,National,All,World Bank,
ANC Coverage (4 visits),1967-01-01,National,All,World Bank,
ANC Coverage (4 visits),1966-01-01,National,All,World Bank,
ANC Coverage (4 visits),1965-01-01,National,All,World Bank,
ANC Coverage (4 visits),1964-01-01,National,All,World Bank,
ANC Coverage (4 visits),1963-01-01,National,All,World Bank,
ANC Coverage (4 visits),1962-01-01,National,All,World Bank,
ANC Coverage (4 visits),1961-01-01,National,All,World Bank,
ANC Coverage (4 visits),1960-01-01,National,All,World Bank,
