Indicator,Period,State,LGA,Source,Value
DPT 3 Penta 3 coverage rate,2019-01-01,National,All,World Bank,
DPT 3 Penta 3 coverage rate,2018-01-01,National,All,World Bank,57.0
DPT 3 Penta 3 coverage rate,2017-01-01,National,All,World Bank,57.0
DPT 3 Penta 3 coverage rate,2016-01-01,National,All,World Bank,57.0
DPT 3 Penta 3 coverage rate,2015-01-01,National,All,World Bank,45.0
DPT 3 Penta 3 coverage rate,2014-01-01,National,All,World Bank,43.0
DPT 3 Penta 3 coverage rate,2013-01-01,National,All,World Bank,43.0
DPT 3 Penta 3 coverage rate,2012-01-01,National,All,World Bank,42.0
DPT 3 Penta 3 coverage rate,2011-01-01,National,All,World Bank,48.0
DPT 3 Penta 3 coverage rate,2010-01-01,National,All,World Bank,54.0
DPT 3 Penta 3 coverage rate,2009-01-01,National,All,World Bank,63.0
DPT 3 Penta 3 coverage rate,2008-01-01,National,All,World Bank,53.0
DPT 3 Penta 3 coverage rate,2007-01-01,National,All,World Bank,42.0
DPT 3 Penta 3 coverage rate,2006-01-01,National,All,World Bank,40.0
DPT 3 Penta 3 coverage rate,2005-01-01,National,All,World Bank,36.0
DPT 3 Penta 3 coverage rate,2004-01-01,National,All,World Bank,33.0
DPT 3 Penta 3 coverage rate,2003-01-01,National,All,World Bank,29.0
DPT 3 Penta 3 coverage rate,2002-01-01,National,All,World Bank,25.0
DPT 3 Penta 3 coverage rate,2001-01-01,National,All,World Bank,27.0
DPT 3 Penta 3 coverage rate,2000-01-01,National,All,World Bank,29.0
DPT 3 Penta 3 coverage rate,1999-01-01,National,All,World Bank,31.0
DPT 3 Penta 3 coverage rate,1998-01-01,National,All,World Bank,32.0
DPT 3 Penta 3 coverage rate,1997-01-01,National,All,World Bank,21.0
DPT 3 Penta 3 coverage rate,1996-01-01,National,All,World Bank,26.0
DPT 3 Penta 3 coverage rate,1995-01-01,National,All,World Bank,34.0
DPT 3 Penta 3 coverage rate,1994-01-01,National,All,World Bank,44.0
DPT 3 Penta 3 coverage rate,1993-01-01,National,All,World Bank,29.0
DPT 3 Penta 3 coverage rate,1992-01-01,National,All,World Bank,43.0
DPT 3 Penta 3 coverage rate,1991-01-01,National,All,World Bank,39.0
DPT 3 Penta 3 coverage rate,1990-01-01,National,All,World Bank,56.0
DPT 3 Penta 3 coverage rate,1989-01-01,National,All,World Bank,47.0
DPT 3 Penta 3 coverage rate,1988-01-01,National,All,World Bank,36.0
DPT 3 Penta 3 coverage rate,1987-01-01,National,All,World Bank,29.0
DPT 3 Penta 3 coverage rate,1986-01-01,National,All,World Bank,22.0
DPT 3 Penta 3 coverage rate,1985-01-01,National,All,World Bank,16.0
DPT 3 Penta 3 coverage rate,1984-01-01,National,All,World Bank,9.0
DPT 3 Penta 3 coverage rate,1983-01-01,National,All,World Bank,
DPT 3 Penta 3 coverage rate,1982-01-01,National,All,World Bank,
DPT 3 Penta 3 coverage rate,1981-01-01,National,All,World Bank,
DPT 3 Penta 3 coverage rate,1980-01-01,National,All,World Bank,
DPT 3 Penta 3 coverage rate,1979-01-01,National,All,World Bank,
DPT 3 Penta 3 coverage rate,1978-01-01,National,All,World Bank,
DPT 3 Penta 3 coverage rate,1977-01-01,National,All,World Bank,
DPT 3 Penta 3 coverage rate,1976-01-01,National,All,World Bank,
DPT 3 Penta 3 coverage rate,1975-01-01,National,All,World Bank,
DPT 3 Penta 3 coverage rate,1974-01-01,National,All,World Bank,
DPT 3 Penta 3 coverage rate,1973-01-01,National,All,World Bank,
DPT 3 Penta 3 coverage rate,1972-01-01,National,All,World Bank,
DPT 3 Penta 3 coverage rate,1971-01-01,National,All,World Bank,
DPT 3 Penta 3 coverage rate,1970-01-01,National,All,World Bank,
DPT 3 Penta 3 coverage rate,1969-01-01,National,All,World Bank,
DPT 3 Penta 3 coverage rate,1968-01-01,National,All,World Bank,
DPT 3 Penta 3 coverage rate,1967-01-01,National,All,World Bank,
DPT 3 Penta 3 coverage rate,1966-01-01,National,All,World Bank,
DPT 3 Penta 3 coverage rate,1965-01-01,National,All,World Bank,
DPT 3 Penta 3 coverage rate,1964-01-01,National,All,World Bank,
DPT 3 Penta 3 coverage rate,1963-01-01,National,All,World Bank,
DPT 3 Penta 3 coverage rate,1962-01-01,National,All,World Bank,
DPT 3 Penta 3 coverage rate,1961-01-01,National,All,World Bank,
DPT 3 Penta 3 coverage rate,1960-01-01,National,All,World Bank,
