Indicator,Period,State,LGA,Source,Value
Maternal Mortality Ratio,2019-01-01,National,All,World Bank,
Maternal Mortality Ratio,2018-01-01,National,All,World Bank,
Maternal Mortality Ratio,2017-01-01,National,All,World Bank,917.0
Maternal Mortality Ratio,2016-01-01,National,All,World Bank,925.0
Maternal Mortality Ratio,2015-01-01,National,All,World Bank,931.0
Maternal Mortality Ratio,2014-01-01,National,All,World Bank,943.0
Maternal Mortality Ratio,2013-01-01,National,All,World Bank,951.0
Maternal Mortality Ratio,2012-01-01,National,All,World Bank,963.0
Maternal Mortality Ratio,2011-01-01,National,All,World Bank,972.0
Maternal Mortality Ratio,2010-01-01,National,All,World Bank,978.0
Maternal Mortality Ratio,2009-01-01,National,All,World Bank,987.0
Maternal Mortality Ratio,2008-01-01,National,All,World Bank,996.0
Maternal Mortality Ratio,2007-01-01,National,All,World Bank,1010.0
Maternal Mortality Ratio,2006-01-01,National,All,World Bank,1040.0
Maternal Mortality Ratio,2005-01-01,National,All,World Bank,1080.0
Maternal Mortality Ratio,2004-01-01,National,All,World Bank,1130.0
Maternal Mortality Ratio,2003-01-01,National,All,World Bank,1170.0
Maternal Mortality Ratio,2002-01-01,National,All,World Bank,1180.0
Maternal Mortality Ratio,2001-01-01,National,All,World Bank,1200.0
Maternal Mortality Ratio,2000-01-01,National,All,World Bank,1200.0
Maternal Mortality Ratio,1999-01-01,National,All,World Bank,
Maternal Mortality Ratio,1998-01-01,National,All,World Bank,
Maternal Mortality Ratio,1997-01-01,National,All,World Bank,
Maternal Mortality Ratio,1996-01-01,National,All,World Bank,
Maternal Mortality Ratio,1995-01-01,National,All,World Bank,
Maternal Mortality Ratio,1994-01-01,National,All,World Bank,
Maternal Mortality Ratio,1993-01-01,National,All,World Bank,
Maternal Mortality Ratio,1992-01-01,National,All,World Bank,
Maternal Mortality Ratio,1991-01-01,National,All,World Bank,
Maternal Mortality Ratio,1990-01-01,National,All,World Bank,
Maternal Mortality Ratio,1989-01-01,National,All,World Bank,
Maternal Mortality Ratio,1988-01-01,National,All,World Bank,
Maternal Mortality Ratio,1987-01-01,National,All,World Bank,
Maternal Mortality Ratio,1986-01-01,National,All,World Bank,
Maternal Mortality Ratio,1985-01-01,National,All,World Bank,
Maternal Mortality Ratio,1984-01-01,National,All,World Bank,
Maternal Mortality Ratio,1983-01-01,National,All,World Bank,
Maternal Mortality Ratio,1982-01-01,National,All,World Bank,
Maternal Mortality Ratio,1981-01-01,National,All,World Bank,
Maternal Mortality Ratio,1980-01-01,National,All,World Bank,
Maternal Mortality Ratio,1979-01-01,National,All,World Bank,
Maternal Mortality Ratio,1978-01-01,National,All,World Bank,
Maternal Mortality Ratio,1977-01-01,National,All,World Bank,
Maternal Mortality Ratio,1976-01-01,National,All,World Bank,
Maternal Mortality Ratio,1975-01-01,National,All,World Bank,
Maternal Mortality Ratio,1974-01-01,National,All,World Bank,
Maternal Mortality Ratio,1973-01-01,National,All,World Bank,
Maternal Mortality Ratio,1972-01-01,National,All,World Bank,
Maternal Mortality Ratio,1971-01-01,National,All,World Bank,
Maternal Mortality Ratio,1970-01-01,National,All,World Bank,
Maternal Mortality Ratio,1969-01-01,National,All,World Bank,
Maternal Mortality Ratio,1968-01-01,National,All,World Bank,
Maternal Mortality Ratio,1967-01-01,National,All,World Bank,
Maternal Mortality Ratio,1966-01-01,National,All,World Bank,
Maternal Mortality Ratio,1965-01-01,National,All,World Bank,
Maternal Mortality Ratio,1964-01-01,National,All,World Bank,
Maternal Mortality Ratio,1963-01-01,National,All,World Bank,
Maternal Mortality Ratio,1962-01-01,National,All,World Bank,
Maternal Mortality Ratio,1961-01-01,National,All,World Bank,
Maternal Mortality Ratio,1960-01-01,National,All,World Bank,
