Indicator,Period,State,LGA,Source,Value
Unmet need for family planning,2019-01-01,National,All,World Bank,
Unmet need for family planning,2018-01-01,National,All,World Bank,23.0563612128035
Unmet need for family planning,2017-01-01,National,All,World Bank,27.6
Unmet need for family planning,2016-01-01,National,All,World Bank,28.9
Unmet need for family planning,2015-01-01,National,All,World Bank,
Unmet need for family planning,2014-01-01,National,All,World Bank,
Unmet need for family planning,2013-01-01,National,All,World Bank,16.1
Unmet need for family planning,2012-01-01,National,All,World Bank,
Unmet need for family planning,2011-01-01,National,All,World Bank,18.9
Unmet need for family planning,2010-01-01,National,All,World Bank,
Unmet need for family planning,2009-01-01,National,All,World Bank,
Unmet need for family planning,2008-01-01,National,All,World Bank,20.2
Unmet need for family planning,2007-01-01,National,All,World Bank,
Unmet need for family planning,2006-01-01,National,All,World Bank,
Unmet need for family planning,2005-01-01,National,All,World Bank,
Unmet need for family planning,2004-01-01,National,All,World Bank,
Unmet need for family planning,2003-01-01,National,All,World Bank,17.5
Unmet need for family planning,2002-01-01,National,All,World Bank,
Unmet need for family planning,2001-01-01,National,All,World Bank,
Unmet need for family planning,2000-01-01,National,All,World Bank,
Unmet need for family planning,1999-01-01,National,All,World Bank,20.0
Unmet need for family planning,1998-01-01,National,All,World Bank,
Unmet need for family planning,1997-01-01,National,All,World Bank,
Unmet need for family planning,1996-01-01,National,All,World Bank,
Unmet need for family planning,1995-01-01,National,All,World Bank,
Unmet need for family planning,1994-01-01,National,All,World Bank,
Unmet need for family planning,1993-01-01,National,All,World Bank,
Unmet need for family planning,1992-01-01,National,All,World Bank,
Unmet need for family planning,1991-01-01,National,All,World Bank,
Unmet need for family planning,1990-01-01,National,All,World Bank,21.5
Unmet need for family planning,1989-01-01,National,All,World Bank,
Unmet need for family planning,1988-01-01,National,All,World Bank,
Unmet need for family planning,1987-01-01,National,All,World Bank,
Unmet need for family planning,1986-01-01,National,All,World Bank,
Unmet need for family planning,1985-01-01,National,All,World Bank,
Unmet need for family planning,1984-01-01,National,All,World Bank,
Unmet need for family planning,1983-01-01,National,All,World Bank,
Unmet need for family planning,1982-01-01,National,All,World Bank,
Unmet need for family planning,1981-01-01,National,All,World Bank,
Unmet need for family planning,1980-01-01,National,All,World Bank,
Unmet need for family planning,1979-01-01,National,All,World Bank,
Unmet need for family planning,1978-01-01,National,All,World Bank,
Unmet need for family planning,1977-01-01,National,All,World Bank,
Unmet need for family planning,1976-01-01,National,All,World Bank,
Unmet need for family planning,1975-01-01,National,All,World Bank,
Unmet need for family planning,1974-01-01,National,All,World Bank,
Unmet need for family planning,1973-01-01,National,All,World Bank,
Unmet need for family planning,1972-01-01,National,All,World Bank,
Unmet need for family planning,1971-01-01,National,All,World Bank,
Unmet need for family planning,1970-01-01,National,All,World Bank,
Unmet need for family planning,1969-01-01,National,All,World Bank,
Unmet need for family planning,1968-01-01,National,All,World Bank,
Unmet need for family planning,1967-01-01,National,All,World Bank,
Unmet need for family planning,1966-01-01,National,All,World Bank,
Unmet need for family planning,1965-01-01,National,All,World Bank,
Unmet need for family planning,1964-01-01,National,All,World Bank,
Unmet need for family planning,1963-01-01,National,All,World Bank,
Unmet need for family planning,1962-01-01,National,All,World Bank,
Unmet need for family planning,1961-01-01,National,All,World Bank,
Unmet need for family planning,1960-01-01,National,All,World Bank,
