Indicator,Period,State,LGA,Source,Value
Total fertility rate,2019-01-01,National,All,World Bank,
Total fertility rate,2018-01-01,National,All,World Bank,
Total fertility rate,2017-01-01,National,All,World Bank,5.457
Total fertility rate,2016-01-01,National,All,World Bank,5.526
Total fertility rate,2015-01-01,National,All,World Bank,5.592
Total fertility rate,2014-01-01,National,All,World Bank,5.653
Total fertility rate,2013-01-01,National,All,World Bank,5.709
Total fertility rate,2012-01-01,National,All,World Bank,5.758
Total fertility rate,2011-01-01,National,All,World Bank,5.802
Total fertility rate,2010-01-01,National,All,World Bank,5.839
Total fertility rate,2009-01-01,National,All,World Bank,5.872
Total fertility rate,2008-01-01,National,All,World Bank,5.902
Total fertility rate,2007-01-01,National,All,World Bank,5.93
Total fertility rate,2006-01-01,National,All,World Bank,5.958
Total fertility rate,2005-01-01,National,All,World Bank,5.985
Total fertility rate,2004-01-01,National,All,World Bank,6.011
Total fertility rate,2003-01-01,National,All,World Bank,6.036
Total fertility rate,2002-01-01,National,All,World Bank,6.06
Total fertility rate,2001-01-01,National,All,World Bank,6.083
Total fertility rate,2000-01-01,National,All,World Bank,6.106
Total fertility rate,1999-01-01,National,All,World Bank,6.131
Total fertility rate,1998-01-01,National,All,World Bank,6.159
Total fertility rate,1997-01-01,National,All,World Bank,6.19
Total fertility rate,1996-01-01,National,All,World Bank,6.224
Total fertility rate,1995-01-01,National,All,World Bank,6.262
Total fertility rate,1994-01-01,National,All,World Bank,6.303
Total fertility rate,1993-01-01,National,All,World Bank,6.348
Total fertility rate,1992-01-01,National,All,World Bank,6.395
Total fertility rate,1991-01-01,National,All,World Bank,6.443
Total fertility rate,1990-01-01,National,All,World Bank,6.49
Total fertility rate,1989-01-01,National,All,World Bank,6.537
Total fertility rate,1988-01-01,National,All,World Bank,6.582
Total fertility rate,1987-01-01,National,All,World Bank,6.625
Total fertility rate,1986-01-01,National,All,World Bank,6.664
Total fertility rate,1985-01-01,National,All,World Bank,6.698
Total fertility rate,1984-01-01,National,All,World Bank,6.726
Total fertility rate,1983-01-01,National,All,World Bank,6.749
Total fertility rate,1982-01-01,National,All,World Bank,6.767
Total fertility rate,1981-01-01,National,All,World Bank,6.779
Total fertility rate,1980-01-01,National,All,World Bank,6.783
Total fertility rate,1979-01-01,National,All,World Bank,6.781
Total fertility rate,1978-01-01,National,All,World Bank,6.772
Total fertility rate,1977-01-01,National,All,World Bank,6.757
Total fertility rate,1976-01-01,National,All,World Bank,6.735
Total fertility rate,1975-01-01,National,All,World Bank,6.706
Total fertility rate,1974-01-01,National,All,World Bank,6.669
Total fertility rate,1973-01-01,National,All,World Bank,6.625
Total fertility rate,1972-01-01,National,All,World Bank,6.575
Total fertility rate,1971-01-01,National,All,World Bank,6.522
Total fertility rate,1970-01-01,National,All,World Bank,6.471
Total fertility rate,1969-01-01,National,All,World Bank,6.425
Total fertility rate,1968-01-01,National,All,World Bank,6.387
Total fertility rate,1967-01-01,National,All,World Bank,6.359
Total fertility rate,1966-01-01,National,All,World Bank,6.342
Total fertility rate,1965-01-01,National,All,World Bank,6.335
Total fertility rate,1964-01-01,National,All,World Bank,6.336
Total fertility rate,1963-01-01,National,All,World Bank,6.341
Total fertility rate,1962-01-01,National,All,World Bank,6.346
Total fertility rate,1961-01-01,National,All,World Bank,6.351
Total fertility rate,1960-01-01,National,All,World Bank,6.354
