Indicator,Period,State,LGA,Source,Value
Underweight prevalence among under 5 children,2019-01-01,National,All,World Bank,
Underweight prevalence among under 5 children,2018-01-01,National,All,World Bank,
Underweight prevalence among under 5 children,2017-01-01,National,All,World Bank,
Underweight prevalence among under 5 children,2016-01-01,National,All,World Bank,31.5
Underweight prevalence among under 5 children,2015-01-01,National,All,World Bank,19.4
Underweight prevalence among under 5 children,2014-01-01,National,All,World Bank,19.8
Underweight prevalence among under 5 children,2013-01-01,National,All,World Bank,31.0
Underweight prevalence among under 5 children,2012-01-01,National,All,World Bank,
Underweight prevalence among under 5 children,2011-01-01,National,All,World Bank,24.4
Underweight prevalence among under 5 children,2010-01-01,National,All,World Bank,
Underweight prevalence among under 5 children,2009-01-01,National,All,World Bank,
Underweight prevalence among under 5 children,2008-01-01,National,All,World Bank,26.7
Underweight prevalence among under 5 children,2007-01-01,National,All,World Bank,25.7
Underweight prevalence among under 5 children,2006-01-01,National,All,World Bank,
Underweight prevalence among under 5 children,2005-01-01,National,All,World Bank,
Underweight prevalence among under 5 children,2004-01-01,National,All,World Bank,
Underweight prevalence among under 5 children,2003-01-01,National,All,World Bank,27.2
Underweight prevalence among under 5 children,2002-01-01,National,All,World Bank,
Underweight prevalence among under 5 children,2001-01-01,National,All,World Bank,
Underweight prevalence among under 5 children,2000-01-01,National,All,World Bank,
Underweight prevalence among under 5 children,1999-01-01,National,All,World Bank,
Underweight prevalence among under 5 children,1998-01-01,National,All,World Bank,
Underweight prevalence among under 5 children,1997-01-01,National,All,World Bank,
Underweight prevalence among under 5 children,1996-01-01,National,All,World Bank,
Underweight prevalence among under 5 children,1995-01-01,National,All,World Bank,
Underweight prevalence among under 5 children,1994-01-01,National,All,World Bank,
Underweight prevalence among under 5 children,1993-01-01,National,All,World Bank,35.1
Underweight prevalence among under 5 children,1992-01-01,National,All,World Bank,
Underweight prevalence among under 5 children,1991-01-01,National,All,World Bank,
Underweight prevalence among under 5 children,1990-01-01,National,All,World Bank,35.1
Underweight prevalence among under 5 children,1989-01-01,National,All,World Bank,
Underweight prevalence among under 5 children,1988-01-01,National,All,World Bank,
Underweight prevalence among under 5 children,1987-01-01,National,All,World Bank,
Underweight prevalence among under 5 children,1986-01-01,National,All,World Bank,
Underweight prevalence among under 5 children,1985-01-01,National,All,World Bank,
Underweight prevalence among under 5 children,1984-01-01,National,All,World Bank,
Underweight prevalence among under 5 children,1983-01-01,National,All,World Bank,
Underweight prevalence among under 5 children,1982-01-01,National,All,World Bank,
Underweight prevalence among under 5 children,1981-01-01,National,All,World Bank,
Underweight prevalence among under 5 children,1980-01-01,National,All,World Bank,
Underweight prevalence among under 5 children,1979-01-01,National,All,World Bank,
Underweight prevalence among under 5 children,1978-01-01,National,All,World Bank,
Underweight prevalence among under 5 children,1977-01-01,National,All,World Bank,
Underweight prevalence among under 5 children,1976-01-01,National,All,World Bank,
Underweight prevalence among under 5 children,1975-01-01,National,All,World Bank,
Underweight prevalence among under 5 children,1974-01-01,National,All,World Bank,
Underweight prevalence among under 5 children,1973-01-01,National,All,World Bank,
Underweight prevalence among under 5 children,1972-01-01,National,All,World Bank,
Underweight prevalence among under 5 children,1971-01-01,National,All,World Bank,
Underweight prevalence among under 5 children,1970-01-01,National,All,World Bank,
Underweight prevalence among under 5 children,1969-01-01,National,All,World Bank,
Underweight prevalence among under 5 children,1968-01-01,National,All,World Bank,
Underweight prevalence among under 5 children,1967-01-01,National,All,World Bank,
Underweight prevalence among under 5 children,1966-01-01,National,All,World Bank,
Underweight prevalence among under 5 children,1965-01-01,National,All,World Bank,
Underweight prevalence among under 5 children,1964-01-01,National,All,World Bank,
Underweight prevalence among under 5 children,1963-01-01,National,All,World Bank,
Underweight prevalence among under 5 children,1962-01-01,National,All,World Bank,
Underweight prevalence among under 5 children,1961-01-01,National,All,World Bank,
Underweight prevalence among under 5 children,1960-01-01,National,All,World Bank,
