Indicator,Period,State,LGA,Source,Value
Under 5 Mortality rate,2019-01-01,National,All,World Bank,
Under 5 Mortality rate,2018-01-01,National,All,World Bank,119.9
Under 5 Mortality rate,2017-01-01,National,All,World Bank,122.1
Under 5 Mortality rate,2016-01-01,National,All,World Bank,123.9
Under 5 Mortality rate,2015-01-01,National,All,World Bank,125.4
Under 5 Mortality rate,2014-01-01,National,All,World Bank,126.9
Under 5 Mortality rate,2013-01-01,National,All,World Bank,128.6
Under 5 Mortality rate,2012-01-01,National,All,World Bank,130.5
Under 5 Mortality rate,2011-01-01,National,All,World Bank,132.5
Under 5 Mortality rate,2010-01-01,National,All,World Bank,135.2
Under 5 Mortality rate,2009-01-01,National,All,World Bank,138.3
Under 5 Mortality rate,2008-01-01,National,All,World Bank,142.0
Under 5 Mortality rate,2007-01-01,National,All,World Bank,146.3
Under 5 Mortality rate,2006-01-01,National,All,World Bank,151.1
Under 5 Mortality rate,2005-01-01,National,All,World Bank,156.2
Under 5 Mortality rate,2004-01-01,National,All,World Bank,161.7
Under 5 Mortality rate,2003-01-01,National,All,World Bank,167.5
Under 5 Mortality rate,2002-01-01,National,All,World Bank,173.4
Under 5 Mortality rate,2001-01-01,National,All,World Bank,179.2
Under 5 Mortality rate,2000-01-01,National,All,World Bank,184.8
Under 5 Mortality rate,1999-01-01,National,All,World Bank,190.1
Under 5 Mortality rate,1998-01-01,National,All,World Bank,195.2
Under 5 Mortality rate,1997-01-01,National,All,World Bank,199.6
Under 5 Mortality rate,1996-01-01,National,All,World Bank,203.3
Under 5 Mortality rate,1995-01-01,National,All,World Bank,205.9
Under 5 Mortality rate,1994-01-01,National,All,World Bank,207.8
Under 5 Mortality rate,1993-01-01,National,All,World Bank,209.0
Under 5 Mortality rate,1992-01-01,National,All,World Bank,209.8
Under 5 Mortality rate,1991-01-01,National,All,World Bank,210.5
Under 5 Mortality rate,1990-01-01,National,All,World Bank,210.9
Under 5 Mortality rate,1989-01-01,National,All,World Bank,211.1
Under 5 Mortality rate,1988-01-01,National,All,World Bank,210.7
Under 5 Mortality rate,1987-01-01,National,All,World Bank,210.2
Under 5 Mortality rate,1986-01-01,National,All,World Bank,209.2
Under 5 Mortality rate,1985-01-01,National,All,World Bank,208.3
Under 5 Mortality rate,1984-01-01,National,All,World Bank,207.7
Under 5 Mortality rate,1983-01-01,National,All,World Bank,207.6
Under 5 Mortality rate,1982-01-01,National,All,World Bank,208.4
Under 5 Mortality rate,1981-01-01,National,All,World Bank,210.3
Under 5 Mortality rate,1980-01-01,National,All,World Bank,213.3
Under 5 Mortality rate,1979-01-01,National,All,World Bank,217.6
Under 5 Mortality rate,1978-01-01,National,All,World Bank,222.9
Under 5 Mortality rate,1977-01-01,National,All,World Bank,229.1
Under 5 Mortality rate,1976-01-01,National,All,World Bank,236.1
Under 5 Mortality rate,1975-01-01,National,All,World Bank,243.8
Under 5 Mortality rate,1974-01-01,National,All,World Bank,251.9
Under 5 Mortality rate,1973-01-01,National,All,World Bank,260.3
Under 5 Mortality rate,1972-01-01,National,All,World Bank,268.7
Under 5 Mortality rate,1971-01-01,National,All,World Bank,277.1
Under 5 Mortality rate,1970-01-01,National,All,World Bank,285.1
Under 5 Mortality rate,1969-01-01,National,All,World Bank,292.7
Under 5 Mortality rate,1968-01-01,National,All,World Bank,300.0
Under 5 Mortality rate,1967-01-01,National,All,World Bank,306.8
Under 5 Mortality rate,1966-01-01,National,All,World Bank,313.5
Under 5 Mortality rate,1965-01-01,National,All,World Bank,320.1
Under 5 Mortality rate,1964-01-01,National,All,World Bank,326.9
Under 5 Mortality rate,1963-01-01,National,All,World Bank,
Under 5 Mortality rate,1962-01-01,National,All,World Bank,
Under 5 Mortality rate,1961-01-01,National,All,World Bank,
Under 5 Mortality rate,1960-01-01,National,All,World Bank,
