Indicator,Period,State,LGA,Source,Value
Percentage of children under 6 months who were exclusively breastfed,2019-01-01,National,All,World Bank,
Percentage of children under 6 months who were exclusively breastfed,2018-01-01,National,All,World Bank,
Percentage of children under 6 months who were exclusively breastfed,2017-01-01,National,All,World Bank,23.332422
Percentage of children under 6 months who were exclusively breastfed,2016-01-01,National,All,World Bank,
Percentage of children under 6 months who were exclusively breastfed,2015-01-01,National,All,World Bank,
Percentage of children under 6 months who were exclusively breastfed,2014-01-01,National,All,World Bank,
Percentage of children under 6 months who were exclusively breastfed,2013-01-01,National,All,World Bank,16.937128
Percentage of children under 6 months who were exclusively breastfed,2012-01-01,National,All,World Bank,
Percentage of children under 6 months who were exclusively breastfed,2011-01-01,National,All,World Bank,14.661634
Percentage of children under 6 months who were exclusively breastfed,2010-01-01,National,All,World Bank,
Percentage of children under 6 months who were exclusively breastfed,2009-01-01,National,All,World Bank,
Percentage of children under 6 months who were exclusively breastfed,2008-01-01,National,All,World Bank,12.542089
Percentage of children under 6 months who were exclusively breastfed,2007-01-01,National,All,World Bank,11.488533
Percentage of children under 6 months who were exclusively breastfed,2006-01-01,National,All,World Bank,
Percentage of children under 6 months who were exclusively breastfed,2005-01-01,National,All,World Bank,
Percentage of children under 6 months who were exclusively breastfed,2004-01-01,National,All,World Bank,
Percentage of children under 6 months who were exclusively breastfed,2003-01-01,National,All,World Bank,15.626566
Percentage of children under 6 months who were exclusively breastfed,2002-01-01,National,All,World Bank,
Percentage of children under 6 months who were exclusively breastfed,2001-01-01,National,All,World Bank,
Percentage of children under 6 months who were exclusively breastfed,2000-01-01,National,All,World Bank,15.4
Percentage of children under 6 months who were exclusively breastfed,1999-01-01,National,All,World Bank,
Percentage of children under 6 months who were exclusively breastfed,1998-01-01,National,All,World Bank,
Percentage of children under 6 months who were exclusively breastfed,1997-01-01,National,All,World Bank,
Percentage of children under 6 months who were exclusively breastfed,1996-01-01,National,All,World Bank,
Percentage of children under 6 months who were exclusively breastfed,1995-01-01,National,All,World Bank,
Percentage of children under 6 months who were exclusively breastfed,1994-01-01,National,All,World Bank,
Percentage of children under 6 months who were exclusively breastfed,1993-01-01,National,All,World Bank,
Percentage of children under 6 months who were exclusively breastfed,1992-01-01,National,All,World Bank,
Percentage of children under 6 months who were exclusively breastfed,1991-01-01,National,All,World Bank,
Percentage of children under 6 months who were exclusively breastfed,1990-01-01,National,All,World Bank,1.7
Percentage of children under 6 months who were exclusively breastfed,1989-01-01,National,All,World Bank,
Percentage of children under 6 months who were exclusively breastfed,1988-01-01,National,All,World Bank,
Percentage of children under 6 months who were exclusively breastfed,1987-01-01,National,All,World Bank,
Percentage of children under 6 months who were exclusively breastfed,1986-01-01,National,All,World Bank,
Percentage of children under 6 months who were exclusively breastfed,1985-01-01,National,All,World Bank,
Percentage of children under 6 months who were exclusively breastfed,1984-01-01,National,All,World Bank,
Percentage of children under 6 months who were exclusively breastfed,1983-01-01,National,All,World Bank,
Percentage of children under 6 months who were exclusively breastfed,1982-01-01,National,All,World Bank,
Percentage of children under 6 months who were exclusively breastfed,1981-01-01,National,All,World Bank,
Percentage of children under 6 months who were exclusively breastfed,1980-01-01,National,All,World Bank,
Percentage of children under 6 months who were exclusively breastfed,1979-01-01,National,All,World Bank,
Percentage of children under 6 months who were exclusively breastfed,1978-01-01,National,All,World Bank,
Percentage of children under 6 months who were exclusively breastfed,1977-01-01,National,All,World Bank,
Percentage of children under 6 months who were exclusively breastfed,1976-01-01,National,All,World Bank,
Percentage of children under 6 months who were exclusively breastfed,1975-01-01,National,All,World Bank,
Percentage of children under 6 months who were exclusively breastfed,1974-01-01,National,All,World Bank,
Percentage of children under 6 months who were exclusively breastfed,1973-01-01,National,All,World Bank,
Percentage of children under 6 months who were exclusively breastfed,1972-01-01,National,All,World Bank,
Percentage of children under 6 months who were exclusively breastfed,1971-01-01,National,All,World Bank,
Percentage of children under 6 months who were exclusively breastfed,1970-01-01,National,All,World Bank,
Percentage of children under 6 months who were exclusively breastfed,1969-01-01,National,All,World Bank,
Percentage of children under 6 months who were exclusively breastfed,1968-01-01,National,All,World Bank,
Percentage of children under 6 months who were exclusively breastfed,1967-01-01,National,All,World Bank,
Percentage of children under 6 months who were exclusively breastfed,1966-01-01,National,All,World Bank,
Percentage of children under 6 months who were exclusively breastfed,1965-01-01,National,All,World Bank,
Percentage of children under 6 months who were exclusively breastfed,1964-01-01,National,All,World Bank,
Percentage of children under 6 months who were exclusively breastfed,1963-01-01,National,All,World Bank,
Percentage of children under 6 months who were exclusively breastfed,1962-01-01,National,All,World Bank,
Percentage of children under 6 months who were exclusively breastfed,1961-01-01,National,All,World Bank,
Percentage of children under 6 months who were exclusively breastfed,1960-01-01,National,All,World Bank,
