Generalized indicator name,Data source indicator name,IDS
Adolescent birth rate,"Adolescent fertility rate (births per 1,000 women ages 15-19)",SP.ADO.TFRT
Skilled attendance at delivery or birth,Births attended by skilled health staff (% of total),SH.STA.BRTC.ZS
Contraceptive prevalence rate,"Contraceptive prevalence, any methods (% of women ages 15-49)",SP.DYN.CONU.ZS
Percentage of children with diarrhoea who received treatment,Diarrhea treatment (% of children under 5 who received ORS packet),SH.STA.ORTH
Percentage of children under 6 months who were exclusively breastfed,Exclusive breastfeeding (% of children under 6 months),SH.STA.BFED.ZS
Total fertility rate,"Fertility rate, total (births per woman)",SP.DYN.TFRT.IN
DPT 3 Penta 3 coverage rate,"Immunization, DPT (% of children ages 12-23 months)",SH.IMM.IDPT
Measles Immunization Coverage,"Immunization, measles (% of children ages 12-23 months)",SH.IMM.MEAS
Prevalence of stunting among under 5 children,"Malnutrition prevalence, height for age (% of children under 5)",SH.STA.MALN.ZS
Underweight prevalence among under 5 children,"Malnutrition prevalence, weight for age (% of children under 5)",SH.STA.MALN.ZS
Infant Mortality rate,"Mortality rate, infant (per 1,000 live births)",SP.DYN.IMRT.IN
Neonatal mortality rate (per 1000 live births),"Mortality rate, neonatal (per 1,000 live births)",SH.DYN.NMRT
Under 5 Mortality rate,"Mortality rate, under-5 (per 1,000)",SH.DYN.MORT
ANC Coverage (at least 1 visit),Pregnant women receiving prenatal care (%),SH.STA.ANVC.ZS
ANC Coverage (4 visits),Pregnant women receiving prenatal care of at least four visits (% of pregnant women),SH.STA.ANVC.ZS
Prevalence of HIV,"Prevalence of HIV, total (% of population ages 15-49)",SH.DYN.AIDS.ZS
Prevalence of wasting among under 5 children,Prevalence of wasting (% of children under 5),SH.STA.WAST.ZS
Unmet need for family planning,Unmet need for contraception (% of married women ages 15-49),SP.UWT.TFRT
Vitamin A supplementation coverage,Vitamin A supplementation coverage rate (% of children ages 6-59 months),SN.ITK.VITA.ZS
Maternal Mortality Ratio,"Maternal mortality ratio (modeled estimate, per 100,000 live births)",SH.STA.MMRT
